{"lr": 0.00997794446709763, "data_time": 0.00996103286743164, "loss": 0.08038219269365073, "decode.loss_ce": 0.05441192658618092, "decode.acc_seg": 99.88727569580078, "aux.loss_ce": 0.02597026517614722, "aux.acc_seg": 99.88727569580078, "time": 0.3238283395767212, "step": 100}
{"lr": 0.009955660594668054, "data_time": 0.009602928161621093, "loss": 0.06046012528240681, "decode.loss_ce": 0.044558973237872126, "decode.acc_seg": 99.7379150390625, "aux.loss_ce": 0.01590115260332823, "aux.acc_seg": 99.7379150390625, "time": 0.3232288122177124, "step": 200}
{"lr": 0.009933371122565919, "data_time": 0.010765480995178222, "loss": 0.05385294109582901, "decode.loss_ce": 0.03624920891597867, "decode.acc_seg": 98.65440368652344, "aux.loss_ce": 0.01760373217985034, "aux.acc_seg": 98.26470947265625, "time": 0.32634031772613525, "step": 300}
{"lr": 0.009911076035273796, "data_time": 0.01008141040802002, "loss": 0.05109736071899533, "decode.loss_ce": 0.03649150412529707, "decode.acc_seg": 97.94001770019531, "aux.loss_ce": 0.014605855126865208, "aux.acc_seg": 100.0, "time": 0.3261467695236206, "step": 400}
{"aAcc": 98.81, "mIoU": 63.12, "mAcc": 63.75, "step": 400}
{"lr": 0.0098887753171919, "data_time": 0.009584188461303711, "loss": 0.02687804359011352, "decode.loss_ce": 0.018185605574399234, "decode.acc_seg": 99.91240692138672, "aux.loss_ce": 0.008692438644357026, "aux.acc_seg": 99.99146270751953, "time": 0.32438929080963136, "step": 500}
{"lr": 0.009866468952637547, "data_time": 0.009789252281188964, "loss": 0.022192245512269438, "decode.loss_ce": 0.014713423873763532, "decode.acc_seg": 99.99784851074219, "aux.loss_ce": 0.007478821172844619, "aux.acc_seg": 100.0, "time": 0.32491493225097656, "step": 600}
{"lr": 0.009844156925844432, "data_time": 0.009890007972717284, "loss": 0.02912594573572278, "decode.loss_ce": 0.019124368799384683, "decode.acc_seg": 100.00000762939453, "aux.loss_ce": 0.010001576581271366, "aux.acc_seg": 100.00000762939453, "time": 0.32500472068786623, "step": 700}
{"lr": 0.009821839220962003, "data_time": 0.009946918487548828, "loss": 0.02486141142435372, "decode.loss_ce": 0.015269957110285759, "decode.acc_seg": 99.87882232666016, "aux.loss_ce": 0.009591453976463526, "aux.acc_seg": 100.0, "time": 0.32506647109985354, "step": 800}
{"aAcc": 99.36, "mIoU": 83.77, "mAcc": 92.15, "step": 800}
